{"cameraMode":{"drawMode":0,"name":"Shaded","section":"Shading Mode"},"sceneLighting":false,"audioPlay":false,"sceneViewState":{"m_AlwaysRefresh":false,"showFog":true,"showSkybox":false,"showFlares":true,"showImageEffects":true,"showParticleSystems":true,"showVisualEffectGraphs":true,"m_FxEnabled":true},"in2DMode":false,"pivot":{"x":14.985715866088868,"y":3.344025135040283,"z":-1.6232376098632813},"rotation":{"x":-0.07074836641550064,"y":0.011069872416555882,"z":-0.0007863487699069083,"w":-0.9974496960639954},"size":8.83770751953125,"orthographic":false}